sifraradnika,Ime,Adresa,MatBr,BrTel,Email,BrLk
1,Fania Ivannikov,41 Thierer Way,1321531745,581-513-0713,fivannikov0@addtoany.com,51-172-9016
2,Esmeralda Begg,2537 Westridge Circle,3605464335,738-298-7527,ebegg1@ow.ly,03-836-8191
3,Ludovika Rimer,58118 Cascade Parkway,5998115295,735-388-3976,lrimer2@shop-pro.jp,87-447-3077
4,Jenilee Sergison,03 Crowley Crossing,2298435731,508-425-3480,jsergison3@csmonitor.com,21-441-2153
5,Monah O'Gready,92697 Glendale Hill,3331769096,743-728-9639,mogready4@oakley.com,99-745-9335
6,Ty Korn,4 Hazelcrest Plaza,3555541595,281-207-6505,tkorn5@apache.org,97-792-9855
7,Griselda Renneke,33763 Dennis Way,4383852777,746-448-1997,grenneke6@wikispaces.com,40-328-8389
8,Sofia Tortoise,190 Farragut Lane,7956742307,705-341-4480,stortoise7@hhs.gov,27-320-5904
9,Des Eitter,91867 Victoria Road,1048390330,405-250-8978,deitter8@qq.com,06-434-0967
10,Alley Aldersea,3733 Goodland Plaza,7410348046,846-797-0526,aaldersea9@epa.gov,20-590-0199
11,Brew Braams,4115 Heffernan Crossing,4310802249,939-289-4593,bbraamsa@blogspot.com,64-153-9894
12,Atlante Trusler,4 Anhalt Parkway,9340531353,649-783-0467,atruslerb@sfgate.com,44-165-5436
13,Aylmar Hamal,6123 Elmside Point,7948867791,600-525-3129,ahamalc@npr.org,23-433-3889
14,Augustina Bonds,10236 Hauk Place,7687365429,748-974-7998,abondsd@webnode.com,63-034-9039
15,Tally Stanborough,0 Rutledge Point,1990682537,177-685-8586,tstanboroughe@github.com,36-132-9736
16,Mariquilla Bruce,69 Pepper Wood Lane,0225799049,966-371-7356,mbrucef@alibaba.com,70-269-8206
17,Pavlov Searby,10857 Evergreen Crossing,5011641546,992-789-9396,psearbyg@oracle.com,21-010-9053
18,Milton Goghin,5 Corben Avenue,0999084488,185-548-4268,mgoghinh@wired.com,67-040-1983
19,Doll Salvage,0385 Grasskamp Plaza,0554637545,163-868-8476,dsalvagei@icio.us,42-709-8398
20,Tybi Northey,9700 Pine View Trail,8034787256,130-196-9704,tnortheyj@epa.gov,72-185-4724
21,Borden Limrick,2 Blue Bill Park Court,3292145899,126-218-8810,blimrickk@angelfire.com,61-779-1462
22,Odelle Farrear,99284 Donald Trail,1830735543,779-931-6731,ofarrearl@xing.com,19-008-9182
23,Ursulina Feetham,2 Dennis Point,9591835418,287-930-1349,ufeethamm@wikipedia.org,10-398-0058
24,Iggy Baudesson,1630 Swallow Point,5471835948,387-951-6098,ibaudessonn@loc.gov,80-986-3509
25,Jakob Bartholomaus,03 High Crossing Road,1352172011,695-620-5777,jbartholomauso@xrea.com,85-853-0487
26,Katy Hun,13458 Kedzie Pass,6912993524,402-687-5504,khunp@delicious.com,93-291-2667
27,Franni Beeck,6034 Bluejay Plaza,1417286504,278-646-7235,fbeeckq@livejournal.com,49-384-9679
28,Glenden Whistan,18730 Trailsway Parkway,3950559515,984-528-9738,gwhistanr@toplist.cz,05-467-9986
29,Cris Fibbitts,17574 Hovde Way,8876595260,350-862-7527,cfibbittss@technorati.com,32-540-4065
30,Abdel Sattin,781 5th Lane,5723329898,697-700-2573,asattint@xinhuanet.com,04-374-1090
31,Roderick Eunson,40 Bonner Point,0512798613,567-920-9489,reunsonu@wikipedia.org,15-153-8876
32,Cliff Render,2 Haas Pass,6428895129,102-341-6629,crenderv@apple.com,61-106-9682
33,Charlene Wincer,7 Maple Point,2259446671,910-298-5438,cwincerw@timesonline.co.uk,36-266-0966
34,Nixie Innett,649 Cherokee Center,7196109287,638-920-7186,ninnettx@redcross.org,43-730-2150
35,Marylou Jennaroy,31 Merry Way,1199509329,245-650-3455,mjennaroyy@dailymotion.com,15-386-3590
36,Barbabas Banghe,5 Hintze Court,8333021123,177-425-8910,bbanghez@irs.gov,04-898-7636
37,Layla Conrath,5 Huxley Crossing,9387425401,478-154-4067,lconrath10@xrea.com,41-406-0707
38,Graig Keynes,82 Karstens Center,7542877550,515-391-4563,gkeynes11@ycombinator.com,17-656-4555
39,Kylynn Burwell,8 Cardinal Road,2070238156,389-410-7730,kburwell12@indiatimes.com,51-305-1768
40,Buddy Cleminson,75727 Duke Lane,3428504275,565-574-9036,bcleminson13@nationalgeographic.com,50-957-4058
41,Analiese Mallya,82 Autumn Leaf Point,8027783887,281-107-6237,amallya14@unc.edu,91-795-3881
42,Adriaens Malins,3 Moulton Pass,2341403026,105-411-8209,amalins15@timesonline.co.uk,90-638-9672
43,Robers Rivett,3871 Doe Crossing Alley,6272603134,185-136-8697,rrivett16@dot.gov,57-052-0869
44,Hilliary Ohlsen,5 Columbus Terrace,3875371658,813-969-0710,hohlsen17@webeden.co.uk,74-018-3954
45,Ingra Beacham,8 Ridge Oak Trail,9110596895,787-632-4132,ibeacham18@spiegel.de,68-117-5031
46,Dukey Hearne,724 Pepper Wood Street,5899887400,354-339-6155,dhearne19@bloomberg.com,75-098-8371
47,Haskel Veart,604 Shasta Trail,8490954380,254-245-7376,hveart1a@domainmarket.com,01-769-4501
48,Cortney Suddick,2 Center Avenue,8076887976,406-692-6143,csuddick1b@youku.com,13-970-6887
49,Hollyanne Wrankling,84668 Westend Crossing,1170408974,421-947-9227,hwrankling1c@about.me,37-264-5971
50,Abdul Pinard,7 Mcbride Crossing,8656375288,955-531-0188,apinard1d@google.cn,10-879-2822
51,Mychal Skedgell,9708 Dakota Trail,1590801245,911-779-8224,mskedgell1e@whitehouse.gov,71-721-4243
52,Zara Phorsby,946 Bluestem Circle,4377311646,298-795-7712,zphorsby1f@independent.co.uk,67-383-3051
53,Blinny Lindenman,078 Bobwhite Junction,6796489683,690-664-1821,blindenman1g@skyrock.com,16-828-6036
54,Bev Bratton,74979 Vidon Crossing,1090231768,404-298-9611,bbratton1h@independent.co.uk,91-072-3792
55,Cornelle Hiner,2947 Ryan Street,0742603601,330-282-9724,chiner1i@harvard.edu,86-573-8803
56,Dulcinea Dalinder,69873 Bobwhite Pass,6007369145,653-516-8470,ddalinder1j@techcrunch.com,55-585-3445
57,Karrah Millom,29 Grayhawk Alley,2196612618,696-786-3349,kmillom1k@pinterest.com,74-492-8432
58,Britt Weems,7712 Merchant Alley,9943432810,802-184-1074,bweems1l@instagram.com,71-279-1959
59,Cosme Aslum,9903 Stang Street,6853303601,116-127-4593,caslum1m@desdev.cn,00-178-2837
60,Nanice Blankman,57850 Buell Point,7843334742,204-160-1884,nblankman1n@1und1.de,39-229-7964
61,Ronalda Rawstorne,2 Park Meadow Alley,2407789563,606-740-0316,rrawstorne1o@1und1.de,40-389-5355
62,Terri-jo Roux,173 Little Fleur Place,3827215978,102-750-5390,troux1p@yahoo.co.jp,48-084-4342
63,Geralda Shanklin,32585 Dryden Hill,2163221903,863-955-4663,gshanklin1q@ow.ly,96-683-2091
64,Wanids Tandy,413 Kenwood Road,6531484748,825-722-0637,wtandy1r@prlog.org,33-110-7975
65,Claudianus Sopper,29164 Helena Crossing,6154894643,276-728-2055,csopper1s@senate.gov,82-238-8193
66,Sadie Grunwall,8230 Thackeray Alley,9671675387,240-508-3412,sgrunwall1t@cnn.com,05-871-2781
67,Freeland Steanson,38 Merry Junction,3075311677,856-621-1744,fsteanson1u@ning.com,40-422-5068
68,Broderick Swait,9 Dunning Pass,7538263063,218-637-6245,bswait1v@last.fm,77-789-8401
69,Ezmeralda Loyley,9239 Declaration Park,0751230626,974-522-5667,eloyley1w@goo.ne.jp,21-727-8797
70,Joelly Giral,32360 Clemons Crossing,6726412568,786-415-7692,jgiral1x@e-recht24.de,70-593-3886
71,Les Feavers,12 Monica Circle,7297294942,318-586-4759,lfeavers1y@imageshack.us,73-997-6602
72,Tanny Gosnay,1239 Gale Lane,1419457667,334-513-0060,tgosnay1z@newsvine.com,06-798-9495
73,Barbe Legate,81438 La Follette Trail,1001570286,825-129-7162,blegate20@telegraph.co.uk,38-998-9470
74,Zsazsa Luttgert,673 7th Place,8233762296,320-395-0851,zluttgert21@marriott.com,38-687-5034
75,Ursa Edwick,79974 Hansons Drive,0346394007,644-519-3202,uedwick22@skyrock.com,94-984-4870
76,Kerrill Joplin,27673 Tennessee Circle,0646304631,770-304-4269,kjoplin23@unicef.org,63-052-6337
77,Phylis Bushen,2 New Castle Pass,9731446079,482-116-7144,pbushen24@tripod.com,42-272-2968
78,Gianni Ronayne,710 Morning Way,8977451418,568-206-2821,gronayne25@cloudflare.com,09-626-2649
79,Sigfried Ridhole,48 Mendota Road,8661203996,502-290-8335,sridhole26@bigcartel.com,65-261-0882
80,Joyous Gisburne,35553 Comanche Crossing,3806416133,107-246-6004,jgisburne27@blogs.com,69-026-2543
81,Barclay Dyzart,2 Glendale Junction,0291278019,954-725-6305,bdyzart28@woothemes.com,21-768-6186
82,Hiram Shoobridge,83 Blue Bill Park Avenue,2729703713,522-975-7668,hshoobridge29@princeton.edu,15-519-4560
83,Elane Burleton,38 Helena Terrace,9840756052,377-146-1115,eburleton2a@bizjournals.com,61-784-8704
84,Donny Darby,0 Grover Plaza,5202746164,631-312-8036,ddarby2b@miitbeian.gov.cn,73-898-4436
85,June Pregel,3 Oxford Point,0173954324,756-828-8981,jpregel2c@census.gov,58-224-2623
86,Jaynell Zieme,9 Pennsylvania Junction,2164177908,205-217-0067,jzieme2d@hud.gov,01-333-3822
87,Dalton Endecott,1 Kim Alley,7486341166,416-817-0328,dendecott2e@weebly.com,11-145-7103
88,Brandy Petracci,9 Vernon Place,5859933681,413-109-0982,bpetracci2f@jiathis.com,26-005-1435
89,Clarabelle McCrorie,1010 Lakewood Drive,4990142160,740-766-9835,cmccrorie2g@ucoz.ru,71-431-0979
90,Teddy Zorener,1149 Dunning Drive,4789237656,906-206-2966,tzorener2h@devhub.com,57-264-1710
91,Marilin Wrassell,6864 Pleasure Place,0978496108,798-439-8373,mwrassell2i@cisco.com,25-454-5290
92,Annabella Janoschek,12787 Becker Place,9989185581,268-306-6089,ajanoschek2j@ftc.gov,61-494-2957
93,Peter Gailor,75 Duke Pass,8858624904,692-704-5086,pgailor2k@wordpress.com,37-671-3791
94,George Weston,8 Vahlen Street,7329731137,667-189-1405,gweston2l@studiopress.com,58-475-2767
95,Cole Maron,2 Milwaukee Drive,5066017291,278-559-8120,cmaron2m@tiny.cc,68-108-7389
96,Katha McAvey,086 Old Gate Hill,4701486566,296-848-0831,kmcavey2n@myspace.com,06-237-9165
97,Hazel Booi,55 Portage Point,3245123205,271-184-5483,hbooi2o@archive.org,45-350-0233
98,Roana Cluet,14 Shelley Way,5217542640,840-400-4408,rcluet2p@army.mil,21-446-9553
99,Honoria Edmeads,69 Lunder Alley,6158630721,990-850-6842,hedmeads2q@plala.or.jp,60-069-0055
100,Maure Bamsey,43108 Crescent Oaks Street,3988932388,624-942-0962,mbamsey2r@ning.com,40-654-7166
